id,first_name,last_name,born_date,weight,active
1,Tasha,McRoberts,11/12/2021,107,false
2,Nadia,Woodberry,30/04/2024,77,false
3,Dorita,Bulleyn,25/12/2021,53,false
4,Nappy,Petriello,26/03/2022,46,true
5,Kaylee,Dutnall,17/08/2023,57,false
6,Babb,Maty,26/09/2023,75,false
7,Lanie,Nolli,11/01/2022,100,false
8,Jolynn,Gales,14/02/2022,60,true
9,Clara,Da Costa,13/02/2024,83,true
10,Lynn,McOwan,19/10/2023,42,false
11,Helsa,Clerc,26/10/2022,42,true
12,Glenna,Zammitt,19/11/2023,96,false
13,Hector,Castille,04/05/2023,108,false
14,Esdras,Nanson,21/07/2022,89,true
15,Janelle,Laydon,13/10/2021,49,true
16,Stearn,Lyver,29/04/2022,60,false
17,Angelia,Kohn,26/10/2022,106,true
18,Carlin,Bebis,07/11/2022,112,false
19,Harvey,Walthall,13/06/2024,104,false
20,Phil,Crafts,26/12/2022,31,false
21,Gayel,Schoales,28/06/2023,72,true
22,Scot,Grainge,09/09/2021,64,true
23,Torin,Balthasar,14/07/2024,70,true
24,Delainey,Daintrey,30/11/2023,43,false
25,Isahella,Ketcher,17/11/2023,93,true
26,Cherida,Osbaldstone,24/09/2022,41,true
27,Crawford,Murdy,12/03/2022,80,false
28,Marlena,Darwen,08/08/2022,77,false
29,Averyl,Ratie,17/01/2023,119,true
30,Liam,Beteriss,20/07/2024,47,false
31,Celia,Rulton,14/03/2024,78,false
32,Darelle,Wistance,08/09/2021,94,false
33,Nanete,Americi,04/08/2023,55,false
34,Kelwin,Fanner,16/04/2023,78,false
35,Rogerio,Borman,19/12/2021,75,false
36,Kerr,Hartigan,04/11/2021,77,true
37,Berk,Landre,07/04/2024,55,false
38,Katusha,Legister,28/03/2024,85,false
39,Giana,Zelner,28/12/2022,34,true
40,Kearney,Scholtz,05/10/2022,112,true
41,Jeffy,Heintsch,12/04/2023,62,true
42,Kassi,Norgan,02/01/2024,98,true
43,Franzen,Langcastle,06/03/2024,98,false
44,Mariya,Heys,25/05/2023,92,false
45,Gisele,Turone,23/10/2022,80,false
46,Bobina,Cantu,09/06/2023,80,true
47,Junina,Gardener,19/07/2023,111,false
48,Findley,Yarnell,18/05/2022,115,false
49,Melicent,Huggin,18/07/2024,118,true
50,Esme,Tilmouth,15/09/2021,90,true
51,Sherry,Petz,30/07/2022,97,true
52,Marina,Collingridge,08/03/2022,34,false
53,Nye,Nicklinson,05/09/2021,106,true
54,Judd,Brixey,22/08/2022,110,true
55,Desiri,Grummitt,14/07/2023,104,false
56,Joli,Vine,15/09/2021,71,true
57,Suzie,Stedmond,22/12/2021,56,false
58,Eddy,Tippetts,18/03/2022,93,true
59,Michail,McGeouch,22/05/2024,45,true
60,Stanfield,Hatherall,14/03/2024,55,false
61,Cletis,Fayers,26/01/2024,85,false
62,Kara,Stiegars,03/04/2024,109,true
63,Bent,Verey,20/06/2022,72,false
64,Felicle,Bredee,14/12/2023,44,false
65,Fredric,Yekel,21/07/2022,58,false
66,Clarinda,Dahlborg,27/05/2022,68,true
67,Giustina,Anker,17/12/2023,52,true
68,Dido,Inchcomb,18/07/2022,90,true
69,Dominica,Kenewel,09/01/2024,33,true
70,Rozamond,Middle,28/09/2023,30,false
71,Cammy,Tewes,07/03/2022,32,true
72,Howey,Lyenyng,03/12/2022,40,false
73,Horatius,Eykel,18/05/2024,37,false
74,Winni,Camber,14/05/2023,88,true
75,Lira,Austen,07/02/2023,113,true
76,Mattias,Brignell,27/12/2022,101,false
77,Kassi,Jodrelle,16/06/2022,100,false
78,Vite,Hubner,20/08/2023,35,true
79,Gibby,Trumpeter,07/01/2023,72,false
80,Dulciana,Redwing,04/08/2023,84,false
81,Charmane,Espadate,08/08/2023,65,false
82,Tasia,Tiplady,19/06/2022,42,false
83,Rochester,Meade,22/10/2021,57,false
84,Thekla,Mallord,09/05/2022,39,true
85,Kathlin,Bosma,11/06/2023,38,true
86,Bret,Peatt,15/12/2021,119,true
87,Cecilius,Jouannisson,04/06/2023,42,false
88,Corey,Sissot,01/05/2023,37,false
89,Lenci,Braund,14/02/2023,62,true
90,Thaine,Thurston,06/03/2024,71,false
91,Karlen,Gibberd,26/10/2022,72,true
92,Arie,Coorington,13/03/2022,43,true
93,Danni,Hultberg,02/10/2022,68,true
94,Berke,Henrych,12/12/2021,81,false
95,Lanette,Stopforth,01/02/2023,117,true
96,Nanny,Merwood,09/02/2022,58,true
97,Kassia,Pountney,07/02/2023,104,true
98,Mitch,Sked,08/10/2021,62,true
99,Marianne,Raithmill,19/02/2024,44,false
100,Celie,Biasini,04/11/2021,94,true
101,Urson,Girardey,18/03/2024,63,true
102,Kincaid,Cornwall,24/11/2021,94,false
103,Byrle,De Ortega,20/09/2021,101,true
104,Sybille,Delbergue,10/03/2023,76,false
105,Kelcie,Southeran,13/09/2023,77,false
106,Jarid,Abramowitz,04/03/2023,69,true
107,Babs,Houlison,05/09/2022,70,true
108,Denney,Birchenough,23/11/2023,84,false
109,Edie,D'Errico,26/09/2022,82,false
110,Audra,Measor,27/03/2022,95,false
111,Paloma,Lamball,12/11/2022,90,true
112,Putnem,Evill,29/12/2022,89,true
113,Lev,Gobel,21/12/2022,50,false
114,Lindi,Guilloux,17/07/2022,31,false
115,Ev,Diemer,05/09/2022,34,true
116,Robin,Tapsfield,01/01/2023,46,false
117,Marlee,Duckerin,23/01/2024,48,true
118,Thebault,Youings,08/05/2024,42,true
119,Dag,Buckmaster,30/05/2024,81,true
120,Louise,McEwan,02/07/2022,57,false
121,Kaia,Simonini,29/04/2024,107,true
122,Aluino,Baglow,14/07/2022,116,false
123,Rubetta,Stratz,14/02/2023,57,false
124,Mirella,Camplen,29/08/2022,90,false
125,Alysa,Peyntue,26/02/2022,105,true
126,Pooh,Mourant,05/05/2022,86,false
127,Magdalena,Beau,02/09/2021,41,false
128,Bartholomeo,Lantuff,11/11/2021,85,true
129,Antoine,Rockell,07/07/2023,101,true
130,Rubia,Radsdale,29/05/2023,115,false
131,Hill,Pennycord,02/10/2021,96,false
132,Blanca,Rossbrooke,13/10/2021,87,false
133,Vicky,Coulson,22/06/2022,74,false
134,Ilsa,Buncombe,20/06/2023,36,true
135,Darell,Beeckx,13/10/2023,78,false
136,Christie,Iacavone,20/02/2022,61,true
137,Chris,Mellem,04/03/2022,86,false
138,Byrle,Fairley,10/03/2022,57,true
139,Wright,Lambole,01/09/2022,78,true
140,Truda,Sibbet,07/04/2022,105,true
141,Kandy,Biss,25/02/2024,73,true
142,Yvette,Ivankin,10/03/2022,34,true
143,Cristal,Mandifield,14/12/2023,62,true
144,Tanya,Earlam,06/01/2022,84,false
145,Morty,Quarrell,10/05/2024,31,true
146,Molly,Eck,19/05/2022,112,false
147,Celestine,Cator,24/05/2022,110,false
148,Brett,Pottie,30/10/2023,88,false
149,Buck,Don,23/02/2022,78,false
150,Francisco,Botting,15/09/2022,106,false
151,Melodee,Horlock,21/09/2023,55,true
152,Birgitta,Beddingham,20/08/2022,108,false
153,Theressa,Ribou,25/04/2024,79,false
154,Neron,Ledstone,03/12/2022,94,false
155,Cristobal,Edmenson,29/01/2022,54,false
156,Carly,Jancik,15/10/2023,93,false
157,Yule,Facher,06/07/2022,75,false
158,Alvis,Vescovo,12/05/2022,54,true
159,Marne,Bordes,03/07/2023,64,true
160,Loleta,Rickcord,27/07/2022,42,false
161,Honor,Mellodey,07/02/2022,114,false
162,Barnaby,Addinall,20/04/2024,98,false
163,Allie,Goretti,07/09/2022,57,true
164,Haily,Pert,19/08/2022,107,true
165,Stearne,Birdsall,13/06/2022,50,false
166,Corty,Cassels,18/10/2022,82,false
167,Parnell,Leggen,13/08/2022,119,false
168,Dolley,Raatz,31/03/2024,81,true
169,Ricki,Sidey,27/12/2023,44,false
170,Aloise,Humphris,13/11/2023,45,true
171,Chandal,Jaffa,28/11/2021,81,true
172,Editha,Clunan,05/07/2022,60,true
173,Rollie,MacKnight,22/08/2022,45,false
174,Shoshanna,Roantree,15/05/2024,86,true
175,Korie,Mein,04/01/2022,77,false
176,Amery,Alelsandrowicz,04/06/2023,37,true
177,Chlo,Druery,03/11/2022,84,true
178,Chrysler,Phlipon,19/10/2023,99,false
179,Karel,Ventum,13/05/2024,58,false
180,Lavena,Minor,02/01/2024,40,true
181,Meier,Olley,10/08/2022,71,true
182,Meridel,Feuell,31/10/2021,34,true
183,Verne,Biaggiotti,08/07/2023,51,false
184,Tallie,Ferres,07/02/2023,91,false
185,Reginauld,Summons,27/11/2022,101,false
186,Maye,Ashfold,12/07/2022,44,false
187,Becki,McIlory,12/07/2022,74,false
188,Christina,Letterick,05/04/2022,79,true
189,Merry,Viegas,28/05/2024,80,false
190,Gena,Dilston,02/08/2023,110,false
191,Kipper,Trousdell,21/09/2023,85,true
192,Lorena,Burbidge,17/03/2024,50,true
193,Kristyn,Portis,02/12/2022,97,true
194,Verine,Mynett,08/01/2024,30,true
195,Daffie,Kensy,09/04/2023,56,true
196,Bette-ann,Tuffell,14/03/2024,118,true
197,Erena,Vaughan,26/09/2022,83,false
198,Emilee,Antuk,14/07/2023,85,false
199,Shalna,Yakuntzov,13/09/2021,88,true
200,Lev,Whinray,11/06/2023,110,false
201,Johnath,Tozer,08/04/2023,71,false
202,Wilmette,Smithe,24/02/2023,102,false
203,Briney,Meth,09/04/2023,74,false
204,Renie,Balden,26/09/2022,49,true
205,Dion,Francescoccio,19/03/2024,114,true
206,Isidor,Kendrick,16/02/2024,80,true
207,D'arcy,Barney,22/09/2021,49,false
208,Antin,Asquez,14/05/2023,52,true
209,Randall,Chauvey,26/10/2022,31,true
210,Jannelle,Ornillos,28/01/2022,94,true
211,Madella,Sayton,09/12/2022,72,false
212,Trenna,Eastwell,22/10/2021,35,true
213,Jacob,Bines,19/07/2022,44,false
214,Thomasina,Dumbarton,30/09/2022,37,false
215,Abigale,Lilleyman,07/03/2022,50,false
216,Nike,Lodeke,18/04/2022,118,true
217,Linc,Edgeley,29/10/2021,84,false
218,Germain,Etches,14/11/2022,109,true
219,Kimmi,Greenhowe,20/11/2021,73,true
220,Dimitri,Lewcock,20/04/2023,103,true
221,Zacherie,Allsep,16/11/2021,120,false
222,Marianna,Carbine,04/12/2021,68,true
223,Darrick,Madders,10/05/2022,87,true
224,Bertrando,Garwill,17/04/2022,90,true
225,Salomo,Matskevich,16/02/2024,57,true
226,Ange,Olennikov,07/09/2021,30,false
227,Rhea,MacGray,03/04/2023,61,true
228,Hadleigh,Bendare,16/06/2023,51,false
229,Stefanie,Berni,12/05/2022,68,false
230,Puff,Johnson,08/03/2022,82,true
231,Dennet,Ikringill,25/03/2022,117,true
232,Dani,Cadamy,06/03/2024,48,false
233,Onofredo,Persich,23/10/2023,82,false
234,Kort,Sinnett,24/11/2022,71,false
235,Christi,Lean,29/08/2023,76,false
236,Evangelia,Briscoe,15/04/2024,95,true
237,Larisa,Stickland,19/04/2023,111,false
238,Heddi,Lightollers,28/12/2022,103,true
239,Dela,Curnok,16/04/2023,95,false
240,Radcliffe,Mitchener,14/07/2024,48,false
241,Giacobo,Scollick,28/01/2023,58,true
242,Burr,Klus,25/05/2023,117,true
243,Briney,Hearl,20/03/2023,57,true
244,Dwight,Robrow,19/08/2023,35,true
245,Elset,Benezet,13/03/2022,102,false
246,Richy,Markson,02/09/2023,48,false
247,Agosto,Emmer,08/02/2024,80,false
248,Richie,Padkin,02/12/2023,36,false
249,Christos,Daughtery,09/06/2024,110,false
250,Babbie,Vellden,16/11/2023,50,false
251,Cortie,MacCaughan,30/06/2024,55,true
252,Barnard,Crimes,25/06/2022,34,true
253,Shelba,Sims,05/06/2023,96,false
254,Bernadene,Bygott,31/01/2023,48,false
255,Talia,Franca,22/02/2022,31,false
256,Giulietta,Matthai,12/12/2023,104,false
257,Vinnie,Ivermee,04/05/2022,78,false
258,Ursuline,Christofe,29/05/2023,96,false
259,Danni,Matteacci,14/06/2024,79,false
260,Barbette,Heibel,18/10/2022,85,true
261,Batsheva,Durman,06/12/2022,69,false
262,Mitch,Garlant,13/02/2022,55,false
263,Adria,MacAskill,01/04/2024,105,true
264,Maryellen,Geertsen,10/12/2023,87,false
265,Ninon,Attwooll,17/03/2024,39,false
266,Lia,Vautrey,11/10/2022,46,true
267,Wells,Casserley,07/05/2023,40,false
268,Humbert,Cristofol,18/12/2021,105,true
269,Olivero,Stillman,21/10/2021,63,true
270,Clem,Caulder,10/09/2022,79,true
271,Isa,Oakden,18/10/2023,31,true
272,Alonzo,Gillett,17/10/2021,120,false
273,Forbes,Davidy,04/09/2023,49,true
274,Genvieve,Gatteridge,12/09/2021,66,false
275,Claiborne,Ding,09/02/2024,80,true
276,Hoebart,Armytage,28/12/2023,117,false
277,Daloris,Dumingo,25/03/2023,63,false
278,Jean,Issakov,28/11/2021,61,true
279,Diann,Hanning,17/04/2024,42,false
280,Fan,Ravilus,06/09/2022,57,false
281,Ninon,Dodge,25/03/2023,35,false
282,Kriste,Mahaddy,25/06/2022,99,false
283,Ferdinand,Gibbs,14/06/2024,99,false
284,Gae,Rosengart,01/09/2023,103,true
285,Lexy,Crampsy,16/10/2023,44,false
286,Mari,Ripley,17/09/2022,64,false
287,Anstice,Otridge,06/11/2021,62,true
288,Leonhard,Mayler,25/02/2024,50,true
289,Hilary,Sellwood,25/09/2021,83,true
290,Myer,Rodda,28/05/2022,70,false
291,Rodina,Mockford,02/11/2023,61,false
292,Romain,Leyshon,02/11/2022,40,false
293,Ignace,Itzkovitch,18/11/2022,48,true
294,Jemmy,Donat,02/04/2023,41,true
295,Tilda,Wyllcock,26/12/2022,81,false
296,Rolland,Treuge,18/05/2022,100,true
297,Rene,Steffan,11/03/2023,112,false
298,Care,Granville,01/05/2024,64,true
299,Tally,Drohan,10/11/2021,88,false
300,Zarla,Dickie,11/11/2021,40,true
301,Alika,Sired,10/04/2022,44,true
302,Linoel,Croxley,31/07/2023,34,false
303,Birdie,Fyndon,08/10/2021,56,false
304,Dorella,Sex,22/07/2023,35,true
305,Adolph,Walkinshaw,12/08/2022,80,true
306,Scarlet,Blood,04/12/2021,42,false
307,Fidole,Denholm,08/04/2022,32,true
308,Forbes,Pahl,14/06/2024,46,false
309,Malynda,Haselup,10/05/2024,63,false
310,Marcia,Easlea,19/07/2022,71,false
311,Joshia,Summerlie,03/12/2021,63,true
312,Jackson,MacMichael,25/09/2021,109,false
313,Jesus,Onyon,23/08/2022,33,false
314,Demott,Wilby,11/09/2022,120,true
315,Heath,Pashley,19/12/2021,63,false
316,Job,Roskell,15/09/2021,88,false
317,Cass,Happel,02/09/2023,79,false
318,Farrell,Pietrusiak,04/10/2022,41,false
319,Renaldo,Pellatt,15/02/2023,76,true
320,Carlee,Waycott,24/06/2022,71,false
321,Marie,Towne,21/04/2023,64,true
322,Fraze,Southway,04/01/2024,56,false
323,Jule,Ladell,07/04/2024,46,true
324,Zitella,Addington,29/05/2022,33,false
325,Nilson,Dorant,07/11/2023,83,false
326,Melania,Aronowitz,28/06/2023,36,true
327,Shauna,Hum,15/12/2023,72,false
328,Darice,Perfect,19/08/2023,105,false
329,Elonore,Fearenside,27/06/2023,49,false
330,Skip,Plunket,12/12/2023,106,true
331,Georgena,Lessmare,13/10/2022,103,true
332,Charley,Levis,16/05/2024,57,true
333,Dag,Dicken,15/10/2022,52,true
334,Nils,Glen,26/10/2021,78,true
335,Hadleigh,Egell,25/08/2022,63,false
336,Lelah,Raspison,17/09/2021,101,true
337,Sammy,Pennycook,15/06/2023,110,false
338,Garwood,Le Guin,28/06/2023,81,true
339,Claudia,Quail,18/08/2023,116,false
340,Elyssa,Beverstock,24/04/2024,34,true
341,Eliza,Thing,17/12/2021,38,false
342,Percival,Dobrovsky,27/02/2023,52,false
343,Rosemary,Alejandre,10/02/2024,77,false
344,Felita,Alvares,01/12/2021,35,false
345,Leora,Keuntje,31/12/2023,84,false
346,Michail,Doddridge,15/06/2022,89,true
347,Jamil,Ramalho,16/03/2022,108,false
348,Tom,Odell,25/09/2022,54,false
349,Cahra,Carrivick,23/08/2022,78,true
350,Fredia,Wiskar,07/06/2024,31,false
351,Karita,Penley,23/01/2023,81,true
352,Kippy,Wohlers,25/08/2022,114,true
353,Ryann,Elis,25/09/2022,89,true
354,Delano,Scullion,23/01/2024,50,false
355,Mohandas,Castagneto,25/10/2023,90,true
356,Kellina,Wetherill,15/09/2021,47,false
357,Kain,Bottomore,22/03/2023,118,true
358,Dell,Checcuzzi,07/03/2022,97,true
359,Dina,Wreford,04/02/2023,67,true
360,Odetta,Wilkins,17/04/2022,30,false
361,Essie,Merwood,05/03/2023,110,true
362,Ulrikaumeko,Finlay,07/08/2023,120,true
363,Rubi,Wilkin,18/03/2023,35,true
364,Ofella,Stobbs,13/10/2022,83,false
365,Lennard,Kennealy,16/03/2024,41,false
366,Mason,Bilbey,08/06/2023,70,false
367,Phyllis,Uman,27/11/2021,97,true
368,Drucy,Boler,17/08/2022,54,false
369,Winnifred,Renney,03/09/2022,63,true
370,Borg,Dallemore,17/08/2023,72,false
371,Gregor,Samuels,07/07/2022,36,false
372,Katrina,Caesar,18/03/2023,59,true
373,Tami,Killingworth,20/03/2023,99,false
374,Ritchie,Skowcraft,28/02/2024,90,true
375,Bethina,Halwood,16/02/2024,68,true
376,Inesita,Duberry,17/04/2024,81,false
377,Sheena,Bartrap,23/03/2024,66,false
378,Dov,Ellens,03/07/2024,75,false
379,Reuven,Athey,13/12/2023,69,false
380,Cazzie,Dri,23/11/2023,88,true
381,Darell,Elsmere,12/03/2024,90,true
382,Cordy,MacMenamy,04/12/2021,35,false
383,Roderic,Combe,23/07/2023,88,true
384,Joshuah,Dallicott,10/02/2024,47,true
385,Packston,Vivers,13/07/2022,109,false
386,Beth,Campsall,18/10/2021,88,true
387,Vannie,Gravy,15/01/2024,34,true
388,Aileen,Tirrey,12/05/2022,99,false
389,Conrade,Oxenford,24/05/2023,33,true
390,Ebeneser,Manach,30/10/2023,44,false
391,Ruthy,Lippingwell,19/04/2023,119,true
392,Georgeanna,Darwood,07/05/2024,68,false
393,Raine,Poulsen,16/01/2022,47,true
394,Maggi,Meek,31/05/2024,40,false
395,Heinrick,Davies,24/10/2022,95,true
396,Joana,Sturdey,22/03/2022,50,true
397,Estrellita,De Ferrari,22/03/2022,113,false
398,Benn,Berriman,27/07/2023,84,false
399,Masha,Mignot,16/07/2022,99,true
400,Herrick,Tomkys,13/06/2022,88,true
401,Cecilia,Fairholme,15/01/2023,106,false
402,Walsh,Straffon,26/01/2023,41,true
403,Lynda,Ravel,30/01/2024,115,true
404,Yettie,Gerrens,04/02/2022,45,true
405,Joannes,Clayal,02/09/2022,79,false
406,Josselyn,Chitham,13/09/2022,109,false
407,Jami,Battram,07/03/2024,38,true
408,Oran,Dysart,24/01/2024,46,true
409,Timoteo,Bunclark,28/10/2023,39,false
410,Suzie,Sargant,13/09/2022,75,true
411,Maje,Von Helmholtz,04/01/2022,46,false
412,Bobbe,Valadez,22/01/2024,67,false
413,Camila,Zuann,28/06/2022,119,true
414,Tremaine,Mildner,30/12/2022,73,true
415,Wilden,Brydson,14/10/2021,51,false
416,Nil,Wescott,02/02/2022,70,false
417,Kassi,Pelz,11/04/2024,112,true
418,Gunter,Wilmot,11/11/2022,56,true
419,Lonni,Buttle,25/05/2023,58,true
420,Maurise,Klimpke,14/02/2023,107,true
421,Neall,Gordon,07/12/2022,34,true
422,Tiertza,Slowgrave,23/07/2022,43,true
423,Olag,Really,22/03/2024,42,true
424,Hagan,Attride,25/11/2021,49,true
425,Lezlie,Creebo,26/07/2023,53,false
426,Kynthia,McDell,12/09/2023,35,true
427,Avictor,Snellman,01/07/2022,86,false
428,Magda,McReidy,24/10/2022,113,false
429,Ketty,Behnecken,13/10/2021,80,true
430,Eustace,Milmo,05/11/2021,59,false
431,Sandy,Edgeley,07/07/2024,30,true
432,Thaddeus,Cassy,27/02/2022,41,false
433,Julee,Ierland,04/06/2024,89,true
434,Margeaux,Tatterton,21/05/2023,79,true
435,Quentin,Gradwell,26/10/2022,88,false
436,Shelden,Brookwell,11/04/2022,97,true
437,Gabriela,Swindell,15/01/2023,93,false
438,Ginevra,Trenouth,23/09/2021,85,true
439,Renaldo,Lorkings,05/03/2022,72,false
440,Anna-diane,Kleinberer,24/04/2022,67,false
441,Claresta,Ortler,05/01/2022,32,true
442,Ogdon,Zamora,20/07/2024,51,true
443,Garnette,Marzellano,23/09/2023,94,true
444,May,Volante,07/07/2022,42,false
445,Ingaborg,Snar,17/03/2024,107,false
446,Neddie,Narraway,17/07/2022,94,false
447,Gav,Rowbottam,19/10/2023,71,true
448,Isak,Feaks,15/08/2022,88,true
449,Merry,Houldey,29/05/2022,99,false
450,Tony,McGunley,03/01/2023,78,false
451,Ketty,Flockhart,20/11/2023,60,false
452,Marven,Paley,25/06/2022,33,false
453,Georgianna,Sumpter,13/11/2022,97,false
454,Gram,Thewles,09/06/2023,44,true
455,Cirilo,Polle,02/09/2021,59,true
456,Jaymee,Garz,13/11/2021,86,true
457,Merrielle,Persicke,29/05/2023,47,false
458,Stuart,Eberlein,17/11/2022,35,false
459,Idelle,Menelaws,15/04/2023,91,true
460,Rochester,Aldine,04/06/2024,68,true
461,Marquita,Dreus,01/11/2021,79,false
462,Helsa,Sidebottom,23/10/2022,64,false
463,Berni,Geck,03/03/2022,94,true
464,Angele,Droghan,06/12/2023,91,false
465,Flss,Sharples,03/12/2023,51,true
466,Lizzie,Jost,14/05/2022,75,true
467,Hayward,Bohan,03/08/2022,80,false
468,Griselda,Cheverell,22/08/2022,110,true
469,Delainey,Zuanelli,16/04/2024,110,true
470,Camila,Waples,04/10/2022,78,false
471,Stanislaw,Schettini,12/09/2022,113,false
472,Sadie,Gemelli,09/10/2022,118,false
473,Eddi,Swafford,22/05/2022,66,false
474,Myrtia,Sent,14/10/2023,71,true
475,Arin,Iddiens,10/05/2022,74,true
476,Catherina,Sessions,17/01/2024,53,true
477,Katheryn,Joplin,12/11/2023,50,true
478,Drucill,Grane,28/01/2022,105,false
479,Kerianne,Blaszczyk,13/07/2023,88,true
480,Erinn,Filipputti,05/11/2021,50,true
481,Georgine,Clapison,19/11/2022,82,false
482,Claus,Darco,06/02/2024,98,true
483,Enoch,Oselton,04/08/2022,90,true
484,Keefe,Gregorio,11/12/2023,115,false
485,Allissa,Gascar,12/08/2022,73,false
486,Kaycee,Gildroy,08/02/2024,92,false
487,Clayson,Roselli,04/11/2023,113,false
488,Miguela,Shailer,17/04/2023,98,true
489,Gradeigh,Addekin,29/04/2024,112,false
490,Alix,Crop,24/03/2023,53,false
491,Jeannie,Eck,15/06/2024,39,false
492,Godfry,Paffley,06/07/2024,66,true
493,Alberik,Lingwood,02/06/2024,69,false
494,Bartram,Pietzker,23/04/2024,86,true
495,Cyrille,Riddick,06/10/2021,83,false
496,Robena,Blakeden,25/02/2024,47,false
497,Prince,Lidyard,19/03/2024,114,false
498,Jourdan,Minshull,30/09/2021,86,false
499,Faith,McClean,21/10/2021,42,false
500,Verina,Morena,24/02/2023,91,false
501,Anthia,Deeprose,01/07/2023,65,true
502,Xenos,Janca,23/05/2024,34,true
503,Phip,Kenworth,27/05/2024,80,true
504,Tana,Bagster,25/07/2023,43,true
505,Bogey,Belfelt,29/07/2022,46,false
506,Gerhard,Venediktov,25/04/2022,56,true
507,Edlin,Meininking,05/09/2022,46,true
508,Alexis,Dickie,30/01/2022,30,true
509,Georgine,Mogridge,21/12/2021,107,true
510,Naoma,Taylorson,02/12/2023,100,true
511,Cristabel,Bartleet,07/12/2021,54,false
512,Yetty,Ziemen,28/02/2024,66,true
513,Elita,Hargey,05/01/2023,38,true
514,Eileen,Quant,26/06/2024,117,true
515,Cornelia,Huriche,06/05/2022,93,false
516,Celesta,Condon,03/04/2024,75,false
517,Dall,Maleby,23/05/2023,108,false
518,Giffard,Galle,24/06/2024,60,true
519,Dolley,Towers,16/08/2023,113,false
520,Persis,Folley,27/10/2021,58,false
521,Anny,Rapps,23/08/2023,77,true
522,Chickie,Danforth,11/09/2022,43,true
523,Desmund,Letterick,15/02/2023,92,false
524,Bealle,Guidone,22/01/2024,85,true
525,Harris,Shayes,20/10/2021,65,true
526,Shelly,McNevin,15/05/2023,72,false
527,Theodora,Schutt,08/04/2023,97,false
528,Patrice,Fishpool,12/02/2023,42,false
529,Nicola,Singh,04/03/2023,87,true
530,Garfield,Yosifov,05/12/2023,104,false
531,Rupert,Cayser,29/08/2022,44,true
532,Ulrikaumeko,Lindhe,12/07/2022,94,false
533,Sib,Bratten,03/05/2022,118,true
534,Bartolomeo,Sheard,12/03/2023,39,false
535,Burlie,Mathivon,26/01/2023,61,false
536,Minda,McGivena,11/10/2021,117,true
537,Tabb,Irons,03/09/2022,82,false
538,Maegan,Posselow,27/12/2023,56,false
539,Catina,Blanket,24/11/2022,61,true
540,Nickie,Baldoni,06/01/2023,78,true
541,Janith,Chasmer,11/08/2023,76,true
542,Em,Roxbee,24/12/2021,80,true
543,Minne,Worrill,17/03/2024,98,true
544,Petra,Basili,04/05/2023,47,true
545,Phyllis,Beames,08/09/2022,31,false
546,Costanza,Arington,16/05/2022,60,true
547,Vernon,Barlace,16/03/2022,51,true
548,Gabbi,Cuzen,29/09/2023,109,true
549,Esmeralda,Foskin,02/01/2024,112,false
550,Leonora,Derell,31/01/2023,116,false
551,Terrance,Rentz,08/02/2023,38,false
552,Cullan,Martellini,24/12/2022,110,false
553,Christel,Wigley,15/04/2024,117,true
554,Idaline,Burrill,17/10/2021,69,true
555,Fancie,Stoves,17/06/2022,52,false
556,Crystal,Mitkin,03/09/2021,78,false
557,Justis,Romanet,20/01/2023,56,true
558,Ronda,Shand,20/09/2023,33,false
559,Sheppard,Kynd,01/05/2022,84,false
560,Nickolaus,Philimore,07/06/2023,75,false
561,Gustaf,Styan,10/04/2024,61,false
562,Roscoe,O' Shea,28/10/2022,65,true
563,Leonard,Hodges,16/04/2024,119,false
564,Valerye,Bannerman,07/05/2024,44,true
565,Jorgan,Simoneschi,05/11/2022,117,false
566,Blinni,Flode,15/01/2024,71,true
567,Oralia,Haydn,17/11/2022,49,true
568,Felicio,Faunch,05/02/2024,60,false
569,Barbi,Van der Brug,30/04/2022,106,false
570,Ardith,Laurent,17/12/2022,92,false
571,Ivy,Autrie,23/08/2023,86,true
572,Katherine,Minico,25/03/2024,93,false
573,Aurilia,Van Velde,12/08/2023,100,false
574,Bevon,Londer,12/01/2022,44,false
575,Bent,Grinsdale,26/02/2024,97,false
576,Christabella,Ollerhad,27/09/2021,107,true
577,Antonino,Bedham,16/06/2023,35,false
578,Linnea,Grushin,29/06/2023,39,true
579,Magda,Lidgley,16/06/2024,104,false
580,Domingo,Moneypenny,08/12/2022,31,true
581,Friederike,Reavey,01/10/2022,112,true
582,Adelice,Arbuckle,24/12/2022,44,true
583,Vivian,McBay,10/01/2022,92,false
584,Sam,Jorck,11/07/2023,77,false
585,Delcine,Matias,26/04/2024,119,false
586,Johnnie,Marl,23/06/2023,30,false
587,Rickie,Thomlinson,14/11/2022,92,true
588,Ximenez,Tapscott,14/07/2024,99,true
589,Gillian,Itzik,04/12/2023,67,false
590,Bondie,Revans,11/02/2022,101,true
591,Evania,Malyan,07/07/2023,87,false
592,Aurora,Sutherden,18/11/2023,30,true
593,June,Carslake,19/01/2023,69,true
594,Wallas,Tomasino,03/04/2024,107,false
595,Bowie,Chidler,15/01/2024,81,false
596,Aldridge,Burnel,31/03/2024,59,true
597,Giffard,Jessett,27/03/2023,91,true
598,Christie,Ornils,19/06/2023,93,true
599,Muhammad,Vauls,10/02/2022,87,false
600,Devi,Dingwall,23/05/2022,49,true
601,Gonzales,Dykes,10/01/2022,95,false
602,Lavinia,Wayper,13/07/2024,76,true
603,Sallee,Birds,25/02/2022,68,false
604,Emmalyn,Giabucci,17/08/2022,60,true
605,Steffen,Elderkin,16/04/2022,43,true
606,Gwenette,Breznovic,01/09/2022,119,false
607,Carlie,Kehri,21/04/2024,35,true
608,Jone,Walstow,04/02/2023,74,false
609,Katie,Bhar,23/03/2024,117,false
610,Fredra,Britton,07/10/2023,89,true
611,Corrianne,Dyball,04/07/2023,32,false
612,Lilia,McNaughton,16/11/2023,45,true
613,Valentine,Dexter,20/05/2022,51,false
614,Sheelah,Kaming,09/09/2023,68,true
615,Shirl,Davydkov,17/10/2022,57,true
616,Elisabetta,Perrygo,13/04/2022,78,true
617,Ham,Jaray,11/04/2023,75,true
618,Alphonse,Berns,08/07/2024,90,false
619,Muire,Arend,16/03/2024,56,true
620,Amata,Kingsford,16/12/2022,116,true
621,Raul,Grono,31/01/2022,66,false
622,Shawn,Wickerson,16/12/2021,109,true
623,Hale,Chard,08/09/2023,50,true
624,Natalina,Sarsons,22/10/2022,46,false
625,Enrique,Seyfart,04/12/2023,90,false
626,Cordi,Crudgington,13/11/2021,120,false
627,Rena,Dreghorn,23/05/2022,58,true
628,Lorens,Selvester,21/05/2022,71,true
629,Graehme,Wildor,22/12/2022,77,false
630,Vasili,Batting,08/07/2022,38,false
631,Starr,Sibthorpe,23/09/2022,39,true
632,Roosevelt,Chesterman,08/02/2024,116,false
633,Addy,Stut,26/09/2022,90,false
634,Sinclare,Stooders,02/05/2024,92,true
635,Garner,Blenkiron,05/09/2023,56,false
636,Georg,Geke,30/01/2023,99,false
637,Chev,Van der Beek,29/02/2024,68,true
638,Chadd,Weems,24/10/2022,57,false
639,Jeanna,McMakin,17/01/2022,104,true
640,Hayes,Houndson,11/02/2022,38,false
641,Everett,Sprowson,24/03/2023,109,true
642,Lynne,Able,13/01/2023,85,false
643,Rosemary,Standish-Brooks,09/05/2023,47,true
644,Collie,Messenger,29/03/2023,74,true
645,Gibbie,Bugs,22/02/2022,94,false
646,Ranice,Foard,19/01/2024,95,false
647,Marilin,McGeaney,19/02/2023,62,true
648,Jonathon,Stenning,05/01/2024,112,false
649,Glenn,Udie,08/06/2023,113,false
650,Cello,Sivyer,22/05/2024,54,true
651,Katrinka,Cammish,21/01/2024,75,false
652,Ichabod,Thebes,10/06/2023,50,true
653,Bess,Tomkies,30/09/2021,66,true
654,Grethel,Preston,04/05/2022,118,true
655,Uriel,Targe,26/06/2024,114,true
656,Davine,Brownhill,23/12/2023,52,true
657,Isabelle,Kingzett,04/10/2021,93,true
658,Cris,Scrimshaw,25/03/2022,43,false
659,Jany,Blenkhorn,01/03/2024,38,false
660,Marylinda,Samudio,14/07/2022,67,false
661,Sidonnie,Pavitt,27/07/2023,109,false
662,Lorain,Fey,05/04/2024,66,false
663,Teodorico,McKeighen,24/12/2021,80,true
664,Gladys,Yedy,23/07/2022,101,true
665,Livvy,Plampeyn,17/01/2022,76,false
666,Joice,Covill,13/10/2023,32,false
667,Amalle,Orman,10/01/2024,52,true
668,Grenville,Dannohl,21/11/2023,84,false
669,Rabbi,Glazebrook,27/03/2024,117,false
670,L;urette,Blyden,26/04/2023,49,false
671,Lockwood,Mushawe,06/03/2024,113,true
672,Angus,Harvard,06/09/2021,61,false
673,Constantino,Allanson,30/10/2023,53,true
674,Alair,Dallmann,24/01/2024,89,false
675,Arley,Poge,02/09/2022,38,false
676,Dodie,Kettles,17/04/2022,67,false
677,Vanny,Casella,08/06/2024,90,true
678,Andromache,Hunnicot,07/07/2023,62,true
679,Krishnah,Amar,05/05/2024,31,false
680,Gaynor,Spurnier,31/05/2023,37,false
681,Roderich,Nan Carrow,01/05/2023,76,true
682,Celeste,Harrowsmith,18/04/2022,74,true
683,Ferdinanda,Doick,02/11/2022,70,true
684,Alfonso,Richfield,22/01/2022,36,true
685,Karl,Challens,20/03/2022,88,false
686,Quinta,Gyorgy,16/07/2022,57,true
687,Aubrie,Chessill,29/07/2023,75,true
688,Abbie,Blewmen,05/01/2022,39,false
689,Johnath,Howison,10/03/2022,34,true
690,Maynard,Quartley,07/07/2022,39,false
691,Lev,Trevor,13/11/2022,90,false
692,Millie,Agglione,29/07/2023,84,true
693,Creighton,Winward,15/02/2023,51,false
694,Karlyn,MacKey,13/11/2023,60,true
695,Martynne,Ceschi,10/06/2023,30,true
696,Augustine,Heatly,15/02/2022,63,false
697,Austin,Vakhrushin,02/04/2022,69,true
698,Reggie,Licciardi,18/05/2023,64,false
699,Reilly,McHale,27/01/2024,68,false
700,Iain,Orrah,17/11/2023,76,false
701,Florella,Imms,03/07/2022,65,false
702,Cordie,MacIllrick,10/12/2022,104,false
703,Jase,Gethin,19/05/2024,90,false
704,Bettina,Anthony,01/03/2024,64,false
705,Salomi,Noell,01/11/2022,117,false
706,Crin,Ugoletti,06/03/2023,118,true
707,Collie,Smitherham,26/12/2022,78,false
708,Nessi,MacNally,08/01/2024,96,true
709,Nananne,Carlow,17/12/2023,76,false
710,Annnora,Kennagh,29/07/2022,91,true
711,Kaia,Stove,02/07/2022,98,true
712,Redd,Quakley,30/03/2023,37,true
713,Nixie,Yurchishin,06/12/2022,94,true
714,Carola,Keynd,03/10/2022,76,true
715,Ronalda,Marler,07/04/2024,42,false
716,Audry,Rough,07/05/2022,42,true
717,Devy,Rubenchik,19/03/2023,92,true
718,Walsh,Belk,08/07/2024,37,true
719,Nevsa,Silly,23/07/2022,69,false
720,Wendie,Egdale,14/02/2022,56,false
721,Reynolds,Passmore,05/02/2023,99,true
722,Mead,Norcott,07/04/2024,103,true
723,Stern,Rosendahl,13/02/2022,48,true
724,Gertrudis,True,19/11/2021,96,false
725,Paxton,Colleton,01/08/2022,87,true
726,Leonora,Osboldstone,01/11/2021,53,true
727,Lonnard,Carradice,19/07/2023,80,false
728,Marrissa,Hardinge,28/12/2022,66,false
729,Linnea,Weyland,25/05/2023,47,true
730,Dalton,Camble,04/01/2024,110,false
731,Miltie,Banke,02/12/2021,85,false
732,Katrina,Ingamells,02/06/2024,117,true
733,Jana,Chesterman,20/03/2022,71,false
734,Georgette,Moiser,18/06/2023,57,false
735,Flynn,Rawlence,23/08/2022,77,true
736,Allx,Cochran,29/11/2022,66,false
737,Daphne,Newvell,02/01/2023,85,false
738,Carla,Tunny,22/02/2023,48,false
739,Gabbi,Mangin,17/07/2024,38,true
740,Verena,Ebbens,30/10/2023,78,true
741,Dannie,Baton,20/06/2024,31,false
742,Chandra,Crowley,21/08/2023,118,true
743,Dante,Migheli,20/12/2023,80,true
744,Gusti,Tokell,29/09/2022,48,false
745,Helsa,Attawell,14/10/2022,41,false
746,Dorian,Goodredge,06/11/2023,54,true
747,Ethe,Heijnen,04/06/2024,74,false
748,Nicolette,McArthur,23/11/2021,41,false
749,Darn,Legier,16/05/2024,76,false
750,Dougy,Butterfill,03/07/2022,67,true
751,Silvain,Bradder,16/01/2023,92,true
752,Zacharie,Chanson,14/01/2023,39,true
753,Happy,Neames,13/09/2023,104,true
754,Seamus,Tatham,01/01/2022,102,false
755,Gustavus,Feldmus,03/02/2022,32,true
756,Lorettalorna,Vanyukov,07/06/2024,68,false
757,Kevyn,Klagge,27/11/2021,85,false
758,Lynett,Lundy,07/11/2022,108,false
759,Duffy,Huband,30/04/2022,93,false
760,Anna-maria,Beesley,14/08/2023,34,false
761,Gabbie,Kelley,28/07/2023,87,true
762,Aubine,Toft,27/02/2022,32,false
763,Alard,Faraker,30/10/2021,64,true
764,Kellia,Kineton,25/11/2021,47,false
765,Brander,McRonald,31/01/2022,54,true
766,Arielle,Baude,05/06/2024,115,false
767,Kathrine,Bickerstaffe,29/11/2022,35,false
768,Cointon,Evetts,15/06/2023,116,true
769,Parry,Yong,20/04/2022,30,false
770,Obediah,Rutt,25/12/2022,111,false
771,Krissy,Guidera,02/07/2023,36,false
772,Lowrance,Lackney,05/04/2022,39,true
773,Camey,Kinningley,29/09/2021,92,false
774,Row,Moreland,22/01/2022,56,true
775,Zachary,Barnbrook,10/08/2023,67,false
776,Blancha,Eisikowitz,04/09/2021,68,false
777,Emory,Pinnock,07/06/2023,105,true
778,Tudor,Betjes,19/05/2024,46,false
779,Buckie,Vearnals,05/04/2023,65,false
780,Tarra,Doone,18/01/2024,112,true
781,Selina,Carrier,06/10/2022,94,true
782,Tandy,Hardan,27/09/2022,91,false
783,Correy,McCluskey,13/06/2023,103,true
784,Tod,Ingrem,22/09/2022,91,false
785,Thurston,Duignan,16/04/2023,39,false
786,Zuzana,Spinke,06/10/2022,120,true
787,Rollo,Smail,15/11/2021,83,true
788,Donica,Davydkov,24/11/2023,32,true
789,Launce,Hempel,16/05/2023,62,false
790,Percy,Jurick,02/08/2023,78,true
791,Vinnie,Coventon,28/07/2022,34,true
792,Mikol,Cassell,07/04/2023,66,true
793,Filide,Tebbutt,11/07/2024,94,true
794,Constancy,Osgarby,04/12/2023,75,true
795,Regina,Livens,09/06/2024,36,false
796,Lamond,Yeowell,30/06/2023,85,false
797,Stavro,Clunan,17/11/2023,82,true
798,Homerus,Turneux,28/02/2024,52,false
799,Greer,Gear,18/06/2024,72,false
800,Artus,Spurgin,04/02/2022,99,true
801,Terrijo,Brunke,29/03/2022,86,true
802,Carita,Salvidge,21/11/2021,33,false
803,Hazel,Gerritsma,25/09/2022,72,false
804,Freedman,Powdrell,01/07/2024,32,true
805,Sunshine,Braycotton,19/02/2022,45,true
806,Purcell,Squibbes,25/06/2023,97,true
807,Josefa,Bakeup,28/12/2022,78,false
808,Jervis,Banham,10/03/2022,37,true
809,Emery,Boriston,18/03/2023,50,true
810,Francisca,Lascell,14/06/2023,103,false
811,Munroe,Brotherheed,22/03/2023,92,true
812,Blondelle,McPhaden,29/05/2023,112,false
813,Rainer,Grassett,07/08/2023,98,true
814,Ema,Truckett,06/11/2021,48,true
815,Wilmer,Karslake,03/01/2023,90,true
816,Tracie,Allard,25/06/2022,75,false
817,Federico,Grimbaldeston,04/12/2023,103,false
818,Allianora,Todarini,11/09/2021,115,false
819,Dasha,Webberley,16/12/2021,82,true
820,Elsworth,Mundow,28/08/2022,79,true
821,Lyda,Grasser,08/07/2024,96,true
822,Benedicta,Brunn,18/01/2024,100,false
823,Rosemaria,Kapelhof,15/10/2023,118,true
824,Brendis,Riddick,05/05/2022,72,false
825,Mort,Fonzo,07/10/2022,77,true
826,Aimil,Dowbakin,14/10/2021,73,false
827,Lisetta,Hemstead,11/10/2022,33,false
828,Elizabet,Mound,20/09/2022,99,true
829,Cassandra,Ascroft,03/03/2023,112,false
830,Swen,Puckring,16/01/2023,95,false
831,Joan,Moncey,22/06/2022,41,false
832,Arvy,Goatman,12/06/2023,44,true
833,Aron,Shapero,05/05/2023,81,false
834,Zolly,Foulis,08/07/2024,36,true
835,Nicole,Eliasson,03/07/2022,118,true
836,Austin,Luthwood,15/12/2023,66,false
837,Marty,Bydaway,26/06/2023,34,false
838,Xerxes,Tight,16/09/2021,80,true
839,Cosme,De Atta,15/09/2022,74,true
840,Corrina,Maycey,18/09/2023,115,true
841,Ragnar,Denford,04/04/2024,69,true
842,Barbabas,Orpwood,13/12/2023,35,true
843,Eben,Tedridge,22/02/2023,102,false
844,Addy,Milbourne,26/01/2022,67,false
845,Richie,Rollason,03/03/2023,110,false
846,Hillie,Boyd,19/09/2023,84,true
847,Genevieve,Tankin,24/03/2022,42,true
848,Evangelia,Mercy,29/10/2021,53,false
849,Willabella,Kivell,25/03/2022,49,false
850,Sharity,Beig,17/02/2022,73,true
851,Mychal,Anders,24/02/2022,93,false
852,Brittaney,Rapper,26/06/2022,37,false
853,Helene,MacIlory,14/07/2024,46,false
854,Estrellita,Kenwell,07/05/2022,118,false
855,Cecilio,Arnaut,04/12/2023,83,false
856,Chance,Ovize,23/08/2022,102,true
857,Emlynne,Lownie,14/09/2023,76,true
858,Olive,Greenacre,23/12/2023,111,false
859,Beale,Devine,25/03/2023,91,true
860,Maxie,Izkovitch,02/02/2022,35,false
861,Glad,Illing,30/03/2023,78,true
862,Donica,Eitter,30/05/2022,33,false
863,Freddie,Girardet,28/08/2023,85,false
864,Gwennie,Chivers,08/07/2022,104,true
865,Delphinia,Bodycombe,09/03/2022,40,false
866,Brigham,Behnke,21/12/2023,116,false
867,Lynnea,Fratson,07/10/2022,68,false
868,King,Anselmi,10/04/2022,51,false
869,Walther,Sillett,20/03/2022,104,true
870,Ricard,Beaven,28/05/2024,56,true
871,Konstance,Coke,22/01/2023,109,false
872,Esteban,Goodwill,24/02/2024,34,false
873,Jennie,Pentycost,03/11/2022,113,false
874,Marillin,Janney,02/07/2023,99,false
875,Merry,Eynald,30/07/2023,78,false
876,Jordan,Berick,18/09/2021,78,true
877,Moira,Brion,20/11/2023,73,false
878,Karyn,Learmont,09/02/2024,51,false
879,Amabelle,Lilie,05/11/2022,34,true
880,Briant,McRonald,31/03/2024,72,false
881,Kurt,Mullord,23/11/2021,92,true
882,Darbee,Knightley,07/04/2023,114,true
883,Theadora,Eamer,31/03/2023,75,true
884,Ruthe,Ridler,15/10/2023,44,false
885,Gayler,Pitchford,28/06/2024,51,false
886,Terry,Mossop,18/02/2023,36,true
887,Rory,Sisey,04/07/2023,94,true
888,Egan,Sorsby,08/04/2024,99,false
889,Shea,Siddle,02/04/2024,119,false
890,Karina,Fante,24/08/2022,62,false
891,Obed,Ewers,08/11/2021,48,false
892,Arel,Bellhouse,12/09/2021,36,false
893,Mort,Garrity,14/06/2022,57,false
894,Guinevere,Boam,08/09/2021,119,true
895,Dalton,Loveard,09/01/2022,115,false
896,Kendra,Habershon,19/08/2022,89,false
897,Tonie,Glendzer,30/04/2024,75,true
898,Lucie,Gildersleaves,04/01/2023,48,true
899,Fredericka,Havis,17/05/2023,88,true
900,Terry,Bosence,26/10/2022,118,false
901,Odelle,Stranahan,08/11/2023,50,true
902,Jay,Peteri,20/08/2022,91,true
903,Sisile,Doog,04/12/2023,79,false
904,Erinn,Almey,15/09/2021,33,true
905,Linet,Crosio,26/11/2022,91,true
906,Leeland,Sparhawk,13/12/2021,31,true
907,Kassia,Stein,27/05/2023,50,false
908,Malvina,Khomin,22/05/2024,33,false
909,Major,Syme,16/10/2021,79,false
910,Granville,MacAulay,18/06/2023,117,true
911,Benni,Tann,20/10/2022,36,true
912,Randolf,Ducker,24/01/2023,35,false
913,Dyan,Lanfranchi,20/11/2023,76,false
914,Lyn,Szymon,28/07/2023,120,false
915,Marice,Clausen,07/07/2022,120,false
916,Lucian,McElwee,10/04/2023,73,true
917,Gaylor,Tabram,21/07/2024,55,true
918,Dorella,Cuxon,16/10/2023,69,false
919,Caressa,Perl,04/08/2022,61,false
920,Corrine,Leel,18/09/2021,35,true
921,Morna,Woollam,15/01/2022,110,false
922,Letizia,Maren,28/11/2022,89,false
923,Hermia,Dilger,15/12/2022,44,true
924,Juliette,Soal,12/07/2022,32,true
925,Elnore,Gras,02/04/2022,112,false
926,Hal,Trusslove,15/04/2024,86,true
927,Margie,Vauls,27/11/2021,50,false
928,Bogey,Howsam,17/11/2022,39,false
929,Astrid,Huggen,20/10/2022,59,false
930,Quinn,Le Fleming,10/06/2024,98,false
931,Sholom,Powderham,01/07/2024,64,true
932,Sayres,Whyffen,30/10/2021,108,false
933,Leonardo,Constant,27/11/2022,101,true
934,Darnell,Staig,20/09/2022,47,false
935,Kellia,MacKill,03/01/2024,56,false
936,Rosemarie,Shulem,18/02/2023,56,false
937,Ernesto,Dabs,16/03/2023,35,true
938,Allx,Sketcher,15/12/2021,45,true
939,Bobine,Matterdace,09/11/2022,78,false
940,Abigael,Kaesmakers,03/01/2023,106,true
941,Marcus,Stocks,23/11/2023,109,false
942,Rachel,Piotr,11/05/2023,99,true
943,Jori,Ramelet,28/03/2024,45,false
944,Griz,Batchley,01/01/2023,48,false
945,Matthieu,Kirtlan,23/03/2022,40,false
946,Federico,Sharrock,04/06/2022,87,false
947,Yolanda,Foli,21/07/2022,63,true
948,Bellina,Guirardin,21/04/2024,51,false
949,Janos,Mease,28/10/2021,118,false
950,Ado,Southan,20/06/2023,34,false
951,Conroy,Inglesant,30/07/2023,97,false
952,Merl,Poile,08/08/2022,117,true
953,Rustin,Risdale,13/01/2024,120,true
954,Mohandis,Cornau,22/07/2024,85,true
955,Hunter,Hirtz,29/05/2024,71,false
956,Harlan,Braznell,02/06/2022,114,false
957,Lorrayne,Sturgis,17/06/2023,72,false
958,Karoline,Jodlkowski,11/11/2021,102,true
959,Cyndi,Jefferies,06/03/2024,112,true
960,Orelee,Eastabrook,02/04/2024,78,true
961,Tierney,Eustis,28/05/2024,85,true
962,Neala,Viscovi,30/09/2022,76,true
963,Liliane,Muckloe,19/11/2022,61,false
964,Krishna,Golston,14/09/2023,62,false
965,Jerald,Holleran,29/01/2024,86,true
966,Christopher,Emmens,16/01/2022,103,false
967,Cornie,Keiley,26/08/2022,85,true
968,Vanya,Riccardo,27/01/2022,111,false
969,Jillane,Gloyens,24/04/2023,76,false
970,Nanni,Wansbury,02/05/2024,85,false
971,Giraldo,Kimbling,17/10/2021,37,false
972,Misha,Darbyshire,23/12/2022,78,false
973,Celinda,MacNeillie,31/08/2023,47,false
974,Adele,Lay,26/02/2024,63,false
975,Almire,Hands,09/08/2022,84,true
976,Sophi,Prall,20/11/2023,53,false
977,Barth,Hardware,26/01/2023,108,true
978,Hollis,Pugh,03/09/2021,92,false
979,Shandie,Vasyagin,19/10/2023,75,false
980,Fred,Lonsdale,13/03/2023,63,true
981,Fredrick,Osler,10/01/2024,63,true
982,Damita,MacPike,20/04/2024,75,false
983,Donnajean,Turban,07/01/2024,106,true
984,Beauregard,Tall,14/05/2024,100,true
985,Bettina,Presslie,30/10/2023,62,true
986,Clara,Duce,22/04/2024,80,true
987,Guinna,Keefe,08/10/2023,62,true
988,Brande,Cockle,03/06/2024,82,false
989,Saba,Paridge,23/09/2023,111,false
990,Wilek,Damrell,04/02/2024,50,false
991,Vinita,Foote,23/02/2023,111,false
992,Carlin,Wileman,13/10/2023,72,true
993,Paula,Bage,03/03/2024,33,false
994,Ted,Pargetter,10/03/2022,51,false
995,Rosalyn,Sotheby,01/10/2023,66,false
996,Billy,Penella,27/05/2022,99,false
997,Bailie,Snalum,18/05/2023,114,false
998,Hobart,Slavin,10/05/2023,98,true
999,Huberto,Harsant,19/08/2022,104,false
1000,Sonya,Aggott,14/06/2022,43,true
